,Supplier_Lead_Time,Inventory_Levels,Order_Frequency,Delivery_Performance,Cost_Per_Unit
Supplier_Lead_Time,1.0,0.2553466854636679,-0.8574483143012357,-0.8984682011634127,0.9544081633076626
Inventory_Levels,0.2553466854636679,1.0,-0.18755150717512523,-0.22048322616526897,0.22330239236812988
Order_Frequency,-0.8574483143012357,-0.18755150717512523,1.0,0.8054141615945408,-0.8167748549636283
Delivery_Performance,-0.8984682011634127,-0.22048322616526897,0.8054141615945408,1.0,-0.9218969118037814
Cost_Per_Unit,0.9544081633076626,0.22330239236812988,-0.8167748549636283,-0.9218969118037814,1.0
